name, price, offer, link, image, message
Nutrilife CA+ Direct Cream 100g,$39.90,2 FOR $59.90,/nutrilife-ca-direct-cream-100g/p/132560,/medias/132560-1-listing?context=bWFzdGVyfHJvb3R8Mjk0OTB8aW1hZ2UvanBlZ3xoNWEvaDgwLzg5NjMzNjg5NDM2NDYuanBnfDM2ZTdlYjg5ZTZmNzJmOTNlNzgyZjBkYzYwNDYyZWVlMjkzYWFlNjM5ODI0ODk0MDdiMjNlOGJmZWRmMGYzMTE,
Eagle Fresh On Original 8ml,$3.50,3 FOR $9.90,/eagle-fresh-on-original-8ml/p/172416,/medias/172416-1-listing?context=bWFzdGVyfHJvb3R8MjM5MDN8aW1hZ2UvanBlZ3xoNmMvaGY4Lzg5NjMzODY3MDM5MDIuanBnfGU5MWRmMDZhNGY3MjhkMzFiYWE5MmFlMDk3N2NhYjA0YzBmNzRhNmYyN2MzMDNiMTcwNTZlYTE4ZTMxZjlhMDQ,Out of stock
Eagle Fresh On Lavender 8ml,$3.50,3 FOR $9.90,/eagle-fresh-on-lavender-8ml/p/604959,/medias/604959-1-listing?context=bWFzdGVyfHJvb3R8MjM2Nzd8aW1hZ2UvanBlZ3xoNjUvaGVlLzg5NjM0NDAxODEyNzguanBnfDc3YzY5YTc3OTg5NWM2NGZiMjU5NDI5MzY1NjhhNWU5N2Y3ZmEzY2NjNTcxZDgyMTdkNzg5MGJiYzZjNGIwZTI,
Eagle Fresh On Barley Mint 8ml,$3.50,3 FOR $9.90,/eagle-fresh-on-barley-mint-8ml/p/604970,/medias/604970-1-listing?context=bWFzdGVyfHJvb3R8MjYzMDF8aW1hZ2UvanBlZ3xoMzMvaDFkLzg5NjM0NDEwMzMyNDYuanBnfDkzOTc2Nzg2NjI0MWRjNzQ0NGE1NTNmNmRkN2ViZjNmMWFiNTQ0YmFmMzRhZTcwNzRkZDRjZmVmOGE5ZjM1ODg,
Nutrilife CA+ Joint and Muscle Spray 100ml,$39.90,BUY 1 GET 1 FREE,/nutrilife-ca-joint-and-muscle-spray-100ml/p/601735,/medias/601735-1-listing?context=bWFzdGVyfHJvb3R8NDAyNnxpbWFnZS9qcGVnfGhjNy9oYWQvODk2MzQxMjAwMDc5OC5qcGd8YzBkNjVlOWI4N2NkZGVmODIzODJkNzFkOGNjNDA3YTRlNDYzY2VjOWE5ODBmOTBmZWZlMTBlNmFjYTFhOGE0Nw,
NeckHeat Neck & Shoulder Pain Relief 2pcs,$4.90,Spend $60 get glow box @25,/neckheat-neck-shoulder-pain-relief-2pcs/p/605148,/medias/605148-1-listing?context=bWFzdGVyfHJvb3R8NDU4NHxpbWFnZS9qcGVnfGgzOS9oOWYvODk1NTIzMzIzOTA3MC5qcGd8NTg3YTg0MDA0MjgzNWMyOTU1ODZiZDI5NDdhODkyYThmY2VmMzViZDM4MDc5NDhiYTg2MmI1NzQzZDc0OTFhZQ,
MenstruHeat Menstrual Cramp Relief 2pcs,$4.90,Spend $60 get glow box @25,/menstruheat-menstrual-cramp-relief-2pcs/p/601933,/medias/601933-1-listing?context=bWFzdGVyfHJvb3R8NTA0M3xpbWFnZS9qcGVnfGhkYS9oNjIvODk1NTIzMTYwMDY3MC5qcGd8MjAzMTFkYjNhYWE2OTc3M2RjZjU4YjQ4M2E3NWE0ZjM1OGY4MGYzZTJkZjVlYjVlNzRmMjY3NzQzNDQyZTI0NQ,
Mentholatum Deep Heat Ex Strength 94.4g,$18.35,Spend $60 get glow box @25,/mentholatum-deep-heat-ex-strength-944g/p/000115,/medias/000115-1-listing?context=bWFzdGVyfHJvb3R8NTYxNnxpbWFnZS9qcGVnfGhkNi9oMzgvODk0NzM4Mjg0NTQ3MC5qcGd8NDEzMDM0MTFhMmNjZmQwZWEwNjY4NGEyOGVlYTIxNTM1MDk2M2E0MjY1ZGYyNTJkMWFjYTA4MTgwZTg3MDhkZA,Only 3 left in stock
Mentholatum Deep Heat Ex Strength 35.4g,$9.65,Spend $60 get glow box @25,/mentholatum-deep-heat-ex-strength-354g/p/103798,/medias/103798-1-listing?context=bWFzdGVyfHJvb3R8NTU4NnxpbWFnZS9qcGVnfGhjZi9oZGYvODk0Nzk3NTEyNzA3MC5qcGd8M2Y0MzllMDAxZDY4YTliNWVjNWU2MTRjODEzM2M1Y2YwMGJlNmY1N2RiNDJmYThmMzcyOGQ0Yjg2MzUxYTE2NQ,Only 7 left in stock
Mentholatum Deep Heating Rub 35g,$6.40,Spend $60 get glow box @25,/mentholatum-deep-heating-rub-35g/p/272034,/medias/272034-1-listing?context=bWFzdGVyfHJvb3R8MzYxNXxpbWFnZS9qcGVnfGhkZC9oMzUvODk0Nzk5MTcwNzY3OC5qcGd8MWQxY2Q0MTMzZWVlYjhiZDc3NDg3ODMwYTJkNGY0YjYzODVjYjg3N2QzMTU1NzI1OTJjNjU1ZmJiYTZjZjlmZA,Only 3 left in stock
Mentholatum Deep Heating Rub 94g,$10.25,Spend $60 get glow box @25,/mentholatum-deep-heating-rub-94g/p/470601,/medias/470601-1-listing?context=bWFzdGVyfHJvb3R8MzY0NXxpbWFnZS9qcGVnfGg5Ni9oMWMvODk0Nzk5MjUyNjg3OC5qcGd8Mzc2M2NjMmNjNWE1YjFmMTRhOTU0MmI3Y2I2NjY5ZjViNWEwM2E5YTZmYjE2OGMyMjE4ZGJiYTI5Nzc1OWQ5Zg,Only 9 left in stock
Nurofen  Children  60ml 2%,$8.00,Spend $60 get glow box @25,/nurofen-children-60ml-2/p/604629,/medias/604629-1-listing?context=bWFzdGVyfHJvb3R8NTQ2NnxpbWFnZS9qcGVnfGgxYy9oZjUvODk0MjI0NzA1MTI5NC5qcGd8MWY5OTcwMjc5ZGVlMzY5NWY3YmIwOTExYmVhMzUwODljOGI1MTdjMTExYjM5MTYwNDMxMjUzMDcxZDUzYWQyOA,
Kefentech Air 8pcs,$4.95,Spend $60 get glow box @25,/kefentech-air-8pcs/p/604459,/medias/604459-1-listing?context=bWFzdGVyfHJvb3R8NDI0OXxpbWFnZS9qcGVnfGg3YS9oYjEvODkzNzgxNTk2NTcyNi5qcGd8Y2VjYTI4OTVhZTY3MTEwYTFmMzEzZTVjM2FmMTU4MTAxYjdlY2VmY2YwOTA1MTc2MzYxZjQ1OGViZmRkZDVkMA,
Guardian Digital Ear Thermometer (1pc),$39.90,Spend $60 get glow box @25,/guardian-digital-ear-thermometer-1pc/p/158856,/medias/158856-1-listing?context=bWFzdGVyfHJvb3R8NDcyN3xpbWFnZS9qcGVnfGg4NC9oYzIvODkzNzM3NDcxMTgzOC5qcGd8YWJiZDcyMmYzNDAwNGM4Yzk0NzA4MzZmOTM4MmNiNTBkNDRjYmU0OGYwMGViMGViN2EwZWRmMTBhODQ1ODI3Nw,Only 9 left in stock
Tiger Balm Lotion 80ml,$8.60,2 FOR $12.90,/tiger-balm-lotion-80ml/p/178268,/medias/178268-1-listing?context=bWFzdGVyfHJvb3R8NTc3MzM5fGltYWdlL2pwZWd8aDE5L2g5My84OTI4MzE0NDkwOTEwLmpwZ3xhMzE0ZTRiYWQwYTNhZjc2NjkwZmM0YzljYjgwMjA3YWIwYWM5YzVjM2UyN2IyNTIxZDY1N2Y1OGYxY2U3NjQy,
Heritage  Rheuma-Salve Crème 50g,$11.80,Spend $60 get glow box @25,/heritage-rheuma-salve-crme-50g/p/601918,/medias/601918-1-listing?context=bWFzdGVyfHJvb3R8NjM1ODV8aW1hZ2UvanBlZ3xoMWMvaDA1Lzg5MjgzMjA1ODU3NTguanBnfDkzNTA0ZDFhOWVlOGM1ZGUyYzNiZWEzMDcxMzhjMDZiZWQ3NzJjMWE4ODYwNTNhMmEzOTFlZWVkOGU1MmQxNzY,
Guardian Flexitip Digital Thermometer (Jumbo Display) (1 set),$8.05,Spend $60 get glow box @25,/guardian-flexitip-digital-thermometer-jumbo-display-1-set/p/179175,/medias/179175-1-listing?context=bWFzdGVyfHJvb3R8MTM3OTB8aW1hZ2UvanBlZ3xoZmUvaGYzLzg5MTk0MDUxNjY2MjIuanBnfDk0YTc3ZjI0MmQ5YzNhZGQ4MGZmNDczYzg1YmNmN2I2OGEyNWU5YWFlNTBiOTUzYmYxY2NhMDI1NWFjYjQzNDY,
Guardian Flexitip Digital Thermometer (Panda) (1 set),$6.70,Spend $60 get glow box @25,/guardian-flexitip-digital-thermometer-panda-1-set/p/179176,/medias/179176-1-listing?context=bWFzdGVyfHJvb3R8MTA5Mzd8aW1hZ2UvanBlZ3xoMTAvaDMwLzg5MTk0MDYwMTg1OTAuanBnfGU3OWVjYmUxMWY1NzhjYjE0Yjg4ZWJkODhhMTkyNDk5YmU2NzcxMTg0YjVhZTI3OGY5NmM2NzM1OGEwNTg2ZGM,
Panadol with Optizorb 120 caps,$41.10,Spend $60 get glow box @25,/panadol-with-optizorb-120-caps/p/172534,/medias/172534-1-listing?context=bWFzdGVyfHJvb3R8MTE2MDd8aW1hZ2UvanBlZ3xoNjgvaGZlLzg5MTk0NTY4NzQ1MjYuanBnfGI0ZTgxYzlkZmM2OWVhOGNjOTQwY2EzY2ZiMWY4NGI2ODI5ZTIxZjllOWVkNmRjMmYwMGJhNWFhN2Y4NTk3ZmM,Only 3 left in stock
Panadol Actifast  20 caps,$8.80,Spend $60 get glow box @25,/panadol-actifast-20-caps/p/601436,/medias/601436-1-listing?context=bWFzdGVyfHJvb3R8NDk5NnxpbWFnZS9qcGVnfGgxNi9oNDcvODkzNzYwOTk1MzMxMC5qcGd8OWQ5YWFjMzY2NzFkYzBjMzYwNWI1MTNhYjFkZjA2OTA3OGMxN2I5ZmQzZTI5YmFmMDVhNDQ4YTRiY2MzMWRmYw,
Panadol Extra with Optizorb| 20 caps,$7.85,Spend $60 get glow box @25,/panadol-extra-with-optizorb-20-caps/p/174851,/medias/174851-1-listing?context=bWFzdGVyfHJvb3R8ODg0MHxpbWFnZS9qcGVnfGhhYS9oNGIvODkwNjczNjg5Mzk4Mi5qcGd8MWVhMjc4M2QwMjljOWQzNTkzMDVmZGJjNDExNmU5ZDc0ZTI2YTRiNTljMjRkNjdiNmUxYjNlOTRmNWRiNmUxNw,
Nurofen Express 342mg,$6.35,Spend $60 get glow box @25,/nurofen-express-342mg/p/601726,/medias/601726-1-listing?context=bWFzdGVyfHJvb3R8NzQ2NnxpbWFnZS9qcGVnfGgyZi9oNjEvODkxMzkxNDY5MTYxNC5qcGd8YmFmOGU0YWUwMTc4ZGVkNGU2NTU1YmNkNTdjZmY2MGNlZmFiMzRlMDkxNGE1YzkwMjJlN2MzNDc2OGJhYTU5Nw,
Flexiseq Sport 100g,$68.00,Spend $60 get glow box @25,/flexiseq-sport-100g/p/179157,/medias/179157-1-listing?context=bWFzdGVyfHJvb3R8MTIzOTh8aW1hZ2UvanBlZ3xoMjgvaDQ0Lzg5MTQ3MjczMzgwMTQuanBnfDcwZjhjNjgzYzliYWNhMzNkM2ZmMDhhOTMzNjU4ZmU0ZWIwM2M3YzI4YTgxNWRiODZjYjM5YjQzNTU3YjhhYTk,
Voltaren Emulgel 1%| 50g,$17.80,Spend $60 get glow box @25,/voltaren-emulgel-1-50g/p/131996,/medias/131996-12-listing?context=bWFzdGVyfHJvb3R8Njc2NnxpbWFnZS9qcGVnfGgzMy9oOGEvODkwNzk0OTA4MDYwNi5qcGd8YmY2NzhmZWY4NTczMTg5ZjgxNWUwN2RhNmU4ZTdhMjc0YmI5OGU5YmJkMDU0OTcxNGQ2YWVmYThhNWQ1NTliMw,Out of stock
Voltaren Emulgel 1%| 20g,$7.95,Spend $60 get glow box @25,/voltaren-emulgel-1-20g/p/131988,/medias/131988-1-listing?context=bWFzdGVyfHJvb3R8NzUzNXxpbWFnZS9qcGVnfGhlNS9oMGQvODkwNjY4MTAyNDU0Mi5qcGd8NDQyODQ2NDZlZGVkODYyZGNlNTk5ZDNkMjAwODA4NTU3OWMwZmUwODg0MjM1ZGNkMGMxODY2YzQ1NWFjZDM1Ng,
Calpol Suspension 70ml,$8.90,Spend $60 get glow box @25,/calpol-suspension-70ml/p/119083,/medias/119083-1-listing?context=bWFzdGVyfHJvb3R8OTU4MnxpbWFnZS9qcGVnfGhhZi9oNTMvODkwNjY3NTI5MDE0Mi5qcGd8ZmEwZDU4OGNlYzQzYThiNmJjMzc3YTQ0MDZkYWZmNTcyYzk3N2M3ZTBlZGEzOGU0MTE4ZThiN2JiZThlODk5Mg,Only 9 left in stock
Panadol Extra with Optizorb| 120 caps,$46.80,Spend $60 get glow box @25,/panadol-extra-with-optizorb-120-caps/p/174852,/medias/174852-1-listing?context=bWFzdGVyfHJvb3R8MTIwNDV8aW1hZ2UvanBlZ3xoZWUvaGJmLzg5MDY3Mzc3NDU5NTAuanBnfDc3ZjNiYjQ5MDY1OTYxMTRhNWVlNTQxYjk4YmQ3OGU4M2NjMGYzZGVjN2UzNjFkYTBkMzBiMTdjNzM1MWI0OGY,
Braun Thermoscan 7 Infrared Ear Thermometer,$169.00,Spend $60 get glow box @25,/braun-thermoscan-7-infrared-ear-thermometer/p/174909,/medias/174909-1-listing?context=bWFzdGVyfHJvb3R8NDk4MXxpbWFnZS9qcGVnfGg5NC9oNzgvODkxMjkwNTYzMzgyMi5qcGd8YTJjYjhkMzhkNGI5MWNlNGNmMjRlZTA1M2VmMzMyZjdkZDA4NWRmMGM1ZjRhYzk2NTRhZGUwMjFiMzlhZTVhNA,Only 3 left in stock
Nurofen Core 200Mg| 12 Tablets,$4.85,Spend $60 get glow box @25,/nurofen-core-200mg-12-tablets/p/600042,/medias/600042-1-listing?context=bWFzdGVyfHJvb3R8ODUyNnxpbWFnZS9qcGVnfGhlNC9oZjkvODkwMjAzNDkxNTM1OC5qcGd8OGY0Nzg5NDA4MTQxZmEyNzNlNjE2ZDE1YjIxZDlmNTQ2YjU5MmU1ZWJhNmUzMDYxNGEwMzBjMjA2NmM3MmZiNA,
Red Plasters Warm 3pcs,$5.70,Spend $60 get glow box @25,/red-plasters-warm-3pcs/p/125150,/medias/125150-1-listing?context=bWFzdGVyfHJvb3R8MTQ4MjB8aW1hZ2UvanBlZ3xoOGQvaDZkLzg4ODM1OTgzNjA2MDYuanBnfGVkOTRiMGU0Njg5ZDM1NTE4NzhhYTEzNGNiMGNlNmU5MWVhM2U5MjE5NDRkNTNjYTEwOThlZGJhYzRkNTIxOTg,
Panadol Soluble| 12s ,$6.85,Spend $60 get glow box @25,/panadol-soluble-12s-/p/161039,/medias/161039-1-listing?context=bWFzdGVyfHJvb3R8NDAzMnxpbWFnZS9qcGVnfGg1Mi9oYzEvODkzNzM4NTE2NDgzMC5qcGd8NTI2NjI1YTc5N2JkYzkyOTUzMmQwMGJhOTI1NjgyODNmNWUzMmEyN2NiMjcwNjVkMDZmYzcxN2E3OTFiYTc5Nw,
Panadol MINI CAPS| 12 caps,$6.85,Spend $60 get glow box @25,/panadol-mini-caps-12-caps/p/124539,/medias/124539-1-listing?context=bWFzdGVyfHJvb3R8ODE1OXxpbWFnZS9qcGVnfGhhNC9oM2IvODkwNjY3NjkyODU0Mi5qcGd8MWIyZjdhMDI5ZDViOWM4YTllMTM5MjczOTExNzc5MjBhNTdlMWNhYjU2ZmQ1NDUyOTVlMmM1Y2RiOGQwYjFmNg,
Panadol for Children Chewable| 24 tablets ,$6.25,Spend $60 get glow box @25,/panadol-for-children-chewable-24-tablets-/p/272028,/medias/272028-1-listing?context=bWFzdGVyfHJvb3R8NjkyNXxpbWFnZS9qcGVnfGgwMS9oYzIvODgzOTYzNzM2ODg2Mi5qcGd8NWZlOTk5MzVhOTZhZTIwZTY2NjA1NjZlNjdlYzM3MmE0NjY1MTk5MDMyNDQ0YTQ1N2FiNzE2ZTZhZTMzODhiOA,
Children’s Panadol Suspension 1 – 6 years| 60ml,$7.25,Spend $60 get glow box @25,/childrens-panadol-suspension-1-6-years-60ml/p/122058,/medias/122058-1-listing?context=bWFzdGVyfHJvb3R8ODExN3xpbWFnZS9qcGVnfGg0ZS9oYzIvODg0NDkzMjkwNzAzOC5qcGd8ZWYzZmExZWU3OWY1OGQyMDE4NTcyNWU2NmVmNWU5Y2Q5NDFkYzFmZjRjOGE4YWE1NjQ3N2JmMmY1YTUyMTg4OA,
Panadol with Optizorb 20caps,$6.85,Spend $60 get glow box @25,/panadol-with-optizorb-20caps/p/172533,/medias/172533-1-listing?context=bWFzdGVyfHJvb3R8NzU2OXxpbWFnZS9qcGVnfGgzYS9oZWQvODg0NTA2MDIxMDcxOC5qcGd8YjEyOWE3ZWJhNjEyNTNjZWI4ZjRhYWMyNWY3YmNjMmNkZGY4YzA0M2ZhNWFlM2Y5ZGNhZGUwZDliZGM3ODI5MQ,
Guardian  Children's Fever and Pain Relief Suspension,$6.85,Spend $60 get glow box @25,/guardian-childrens-fever-and-pain-relief-suspension/p/169101,/medias/169101-1-listing?context=bWFzdGVyfHJvb3R8MzU4N3xpbWFnZS9qcGVnfGg2YS9oZWMvODkzNzQ0MzU5MDE3NC5qcGd8YjgxZGM4N2RmOWIxZTFhMDE3MjNjMjZkZGRlNjg4ODJjNTc2YWRlZmFkYjhmZGY1Mjg5MGIwMDRlNWM1NzNmMw,Only 8 left in stock
Bengay  Ultra Strength Non-Greasy Pain Relieving Cream 4oz,$18.50,Spend $60 get glow box @25,/bengay-ultra-strength-non-greasy-pain-relieving-cream-4oz/p/144109,/medias/144109-1-listing?context=bWFzdGVyfHJvb3R8MTE5MTR8aW1hZ2UvanBlZ3xoNTAvaDlhLzg4ODQ3NDU0MzcyMTQuanBnfDJhOGRmMDEwZjQ3ZmIzZDg4NTc5YzgzNzY0ODE5YTlmNjIxYjIwM2U0MzhkZTVhOWNmNjI0MDM3Mjc0OTZkYjY,Only 1 left in stock
Bengay  Greaseless Non-Greasy Pain Relieving Cream 2oz,$10.90,Spend $60 get glow box @25,/bengay-greaseless-non-greasy-pain-relieving-cream-2oz/p/470003,/medias/470003-1-listing?context=bWFzdGVyfHJvb3R8MjIwNTR8aW1hZ2UvanBlZ3xoY2UvaDliLzg4ODg4ODEwODY0OTQuanBnfDZjYTQxZDRhODRlZDNiNGJjNzIwZTlmMDhkYjNlMmU1ZDJjYmNkZWE0YzIxZWI5Zjc4YTc5OWVlOGVkMzRmOTU,Only 3 left in stock
Ammeltz Yoko Yoko Air-Activated Body Warmer -Neck & Shoulder,$3.90,3 FOR $8.90,/ammeltz-yoko-yoko-air-activated-body-warmerneck-shoulder/p/176744,/medias/176744-1-listing?context=bWFzdGVyfHJvb3R8MTUzMjF8aW1hZ2UvanBlZ3xoMmEvaDM3Lzg4Njc5NDQyMDIyNzAuanBnfGFkNTQ0ODJhYzI4N2ExNzZjYzRkNGYzNTcxZmNiZGQyZGNkMWRlYjdiZDhmNWU4YjgwNDdkYTMzYjI3OWJhNmU,
Ammeltz Yoko Yoko Air-Activated  Body Warmer- Lower Abdomen,$3.90,3 FOR $8.90,/ammeltz-yoko-yoko-air-activated-body-warmerlower-abdomen/p/176745,/medias/176745-1-listing?context=bWFzdGVyfHJvb3R8MTQ1NTV8aW1hZ2UvanBlZ3xoNDcvaDc2Lzg4Njc5NDUwODcwMDYuanBnfDlmYjBkNDE2MTM3Y2YwZWU3OWU4ZTNmYTZlNjhhZjVkNjI4OWMzODU2ZGE4Yjk0ZTA1ZWIzMWZkMjc5MjQ5OGE,
Ammeltz Yoko Yoko Air-Activated Body Warmer- Back,$4.40,3 FOR $9.90,/ammeltz-yoko-yoko-air-activated-body-warmerback/p/176746,/medias/176746-1-listing?context=bWFzdGVyfHJvb3R8MTU1MDl8aW1hZ2UvanBlZ3xoMmQvaDgxLzg4Njc5NDYzOTc3MjYuanBnfDgwNzFkOWRhOTljNmRjZDkxZmRiNjM1YTM2YWU1ZWIxYTI2MjllMWM2ZTFhYzU3MmNjZDYxMjA4MTU0NjEzODA,
Tiger Balm Red Ointment| 4g,$1.60,2 FOR $3.00,/tiger-balm-red-ointment-4g/p/173189,/medias/173189-1-listing?context=bWFzdGVyfHJvb3R8MTQ4NDF8aW1hZ2UvanBlZ3xoOGEvaDE0Lzg4NjY4NDkxMjg0NzguanBnfDViNmRlNzRjMzdkOTVhYzg0NjgxYWU0OTJlOWNlNTI3ZWFjMjIyMTY4ZmQzZDgyZmRjNjdkNTlmNjI4YThmODg,
Tiger Balm White Ointment| 4g,$1.60,2 FOR $3.00,/tiger-balm-white-ointment-4g/p/173190,/medias/173190-1-listing?context=bWFzdGVyfHJvb3R8MTQxNjN8aW1hZ2UvanBlZ3xoZjYvaDUxLzg4NjY4NDk5NDc2NzguanBnfDA5OTgwN2FkYmE4NmZlZDBjYzg2NjU0Zjc2YmI5NTVlN2E5MjY1YTA5NTNjMWQ5NWU3ZDJkNGRkNWY4OWNmNDk,
Tiger Balm Neck & Shoulder Rub Boost| 50g x 3s,$28.80,Spend $60 get glow box @25,/tiger-balm-neck-shoulder-rub-boost-50g-x-3s/p/156548,/medias/156548-1-listing?context=bWFzdGVyfHJvb3R8ODYzN3xpbWFnZS9qcGVnfGgyZC9oOTUvODg2NTk5MTMyNzc3NC5qcGd8ODNmZTZjN2E2OWRmMjM3MWFhYzgxZmYwZGZhODJhNDdmMmVjMWUwZDIxMjA1ZGI4ODA0YmYwN2UyNmM4NzhlZQ,
Tiger Balm Neck & Shoulder Rub| 50g x 3s,$24.50,Spend $60 get glow box @25,/tiger-balm-neck-shoulder-rub-50g-x-3s/p/156547,/medias/156547-1-listing?context=bWFzdGVyfHJvb3R8NzY1MnxpbWFnZS9qcGVnfGhlYi9oZmEvODg2NTk5MDE0ODEyNi5qcGd8NDM3YmZhMmMzYzgxYzQ5MzM5YTIwMTVmMWUwNTMwM2RlMzQyYTg5YmIyNWJhYTZkODQ2MmE4ZmI1ZjE1MmU2OA,
Pnflex 8% Glucosamine Cream| 100ml,$26.90,Spend $60 get glow box @25,/pnflex-8-glucosamine-cream-100ml/p/173193,/medias/173193-1-listing?context=bWFzdGVyfHJvb3R8NjkyOXxpbWFnZS9qcGVnfGg3NC9oMDMvODg0Mjc0MTc3NjQxNC5qcGd8YTVlZDhkMzdjMDY5NzEzY2UwZDZkYTJmN2U3ZjZjMzY5YmIxMmU0Y2U5MThhOTIzYjBlMGJjOWMzOWU2ZjM1Yg,Only 4 left in stock
TGC Active Glucosamine Cream| 75g,$22.10,Spend $60 get glow box @25,/tgc-active-glucosamine-cream-75g/p/136289,/medias/136289-1-listing?context=bWFzdGVyfHJvb3R8MTU3ODN8aW1hZ2UvanBlZ3xoMjgvaDgxLzg4ODQxNzg0MTk3NDIuanBnfDVhN2ZhOWYxNGVhYzg5MWI4ZTg0ZTk3NDVmOGNiYjI5Nzg0MTllZGFkYzk3OGQ0NjQ0ODg1YWI2OTM3Y2U0NTA,Only 3 left in stock
TGC High Strength Glucosamine Cream| 75g,$35.60,Spend $60 get glow box @25,/tgc-high-strength-glucosamine-cream-75g/p/126804,/medias/126804-1-listing?context=bWFzdGVyfHJvb3R8MTU4Njl8aW1hZ2UvanBlZ3xoYjYvaDRmLzg4ODM3MzUxNjcwMDYuanBnfDQ2MWUxNTYyOWNkZjM2NzdlOWVjYWQ1NmM0YTJiOTY1ZDQxNzZiNmI3OWMxZDg3ZjRjZmJkOWE0M2ZiY2NjOTQ,Only 9 left in stock
TGC High Strength Glucosamine Cream| 45g,$24.15,Spend $60 get glow box @25,/tgc-high-strength-glucosamine-cream-45g/p/125472,/medias/125472-1-listing?context=bWFzdGVyfHJvb3R8NTY1NDF8aW1hZ2UvanBlZ3xoMjgvaDc0Lzg4ODM2MTQ5NzM5ODIuanBnfDMwNTRiNGY2ZmQxNGRhNWFhNTdjMWYzMTE4OWJmZTAzMDllMWM4YTY3MzZmMGJiMjI5NDFmNGIyZTkzYzExYzM,Only 9 left in stock
TGC Plus Capsaicin Glucosamine Cream| 45g,$30.30,Spend $60 get glow box @25,/tgc-plus-capsaicin-glucosamine-cream-45g/p/125473,/medias/125473-1-listing?context=bWFzdGVyfHJvb3R8MjIxNDR8aW1hZ2UvanBlZ3xoMzUvaDczLzg4ODM2MTYyODQ3MDIuanBnfDAwNGQ3Njg1MzVjM2Y3NTIyOWM3MTRkNzc1MTkxZmZiOTViZWUyNDVhNDZiYTliYTMyMGFmNzdmMGFmMDA0ZTc,Only 4 left in stock
Salonpas Pain Relief Patch HOT| Large 3s,$5.00,2 FOR $8.00,/salonpas-pain-relief-patch-hot-large-3s/p/157089,/medias/157089-1-listing?context=bWFzdGVyfHJvb3R8MjE5Njh8aW1hZ2UvanBlZ3xoMTUvaDZhLzg4ODYwNDgwNjM1MTguanBnfGI1ZjE3ZDQxMzQ1ZTM3ZDZkNWUwODgxNWUzZTgzOGM1NGUxNmFlOWY1NThjZDJjYmRiY2I1M2Y3MTVmYjRmZjQ,
Ammeltz Yoko Yoko Cream| 60g,$7.00,2 FOR $9.90,/ammeltz-yoko-yoko-cream-60g/p/170718,/medias/170718-1-listing?context=bWFzdGVyfHJvb3R8ODU5OHxpbWFnZS9qcGVnfGg3Yi9oNDUvODgzODMxNjU4OTA4Ni5qcGd8YjU4NjI4ZTA0OWRiNWNiYWJlZDZlZDZlNmYxM2NlNDY2MGU2Mzc3OTBkMThmMDExMzY0NzY4MDFjYWU5NzFiZQ,
Ammeltz Acupoint Patch| 48s,$7.90,2 FOR $10.90,/ammeltz-acupoint-patch-48s/p/163069,/medias/163069-1-listing?context=bWFzdGVyfHJvb3R8NjA1ODQ0fGltYWdlL2pwZWd8aDlmL2hkMi84ODg5NDc1NzYwMTU4LmpwZ3xhM2UxOTRhNjdlYmY5ODdhMTM1ZmUxZGYzYzNkZmYxMTg0YWRmMGMxYzdlYjc0ZTA5OTkyMTM3ODQ5OTA1ZTE1,
Bio-Heat + Glucosamine Pain Relief Cream| 50g,$32.80,2 FOR $49.90,/bio-heat-glucosamine-pain-relief-cream-50g/p/168531,/medias/168531-1-listing?context=bWFzdGVyfHJvb3R8MTIyNDd8aW1hZ2UvanBlZ3xoM2IvaDVkLzg4MzgzMDk0NDU2NjIuanBnfGVlMzIzYzI0ZjExOTEyOTY5NWMzOTZkNGQ0ZDk5MDYxZDAxN2Y1M2E4NzEyNDlkMDc4NTU1MTk1ZWEzNDkwMWM,
Flexiseq 50g| Twin Pack,$59.90,Spend $60 get glow box @25,/flexiseq-50g-twin-pack/p/172417,/medias/172417-1-listing?context=bWFzdGVyfHJvb3R8OTMwNnxpbWFnZS9qcGVnfGg2Ni9oZjUvODg3NDE0OTk2OTk1MC5qcGd8OTI4NjZkN2FmOTY0NDAxMDFjOTMwMzQ3MTdmMTZmODQ2ZGM3OGYwN2U0YTE4YTE0Y2MxZjhiMWNkYzUxNWU1OQ,
Brau No touch + Forehead Thermometer NTF3000,$149.00,Spend $60 get glow box @25,/brau-no-touch-forehead-thermometer-ntf3000/p/173013,/medias/173013-1-listing?context=bWFzdGVyfHJvb3R8NDMxNnxpbWFnZS9qcGVnfGg1Ni9oMWEvODgzODMzNjE4NDM1MC5qcGd8OTM2ZDUzMWVhMDMzZjliMDU1NTU5YWZlYjg3ZWY4ODM1Njg2NjU2YWNlN2U3MjI1NTFlYzAzYTI2MDRjNGU5Nw,Only 9 left in stock
Rheuma Patch,$9.80,Spend $60 get glow box @25,/rheuma-patch/p/129948,/medias/129948-1-listing?context=bWFzdGVyfHJvb3R8MTQwOHxpbWFnZS9qcGVnfGgxZi9oMTMvODk0MDY3NzIwMTk1MC5qcGd8ZWZhNmIwYTEwYWQ3NGM5MWU0MGVkNmZhNzczMmNlM2FhZmQ0ZDljYWE2ZDU1YjE1ZWQ0MjdlYWRmOWY3ZjA2Zg,Only 4 left in stock
Rheuma-Salve Medicated Balm,$10.00,Spend $60 get glow box @25,/rheuma-salve-medicated-balm/p/170974,/medias/170974-1-listing?context=bWFzdGVyfHJvb3R8NTEyMXxpbWFnZS9qcGVnfGhlNS9oMDcvODg5MDkxNTA5NDU1OC5qcGd8YTViZTc0MDJhOTMwMGM2Mzc0OTUzM2I3MDllODQwZWQ5ZjJjZTNmYzk1MmJhZTMxYTA3YmRhMzQ0ZDNiYzRlZg,
Alka Seltzer Effervescent Tablet,$13.90,Spend $60 get glow box @25,/alka-seltzer-effervescent-tablet/p/201007,/medias/201007-1-listing?context=bWFzdGVyfHJvb3R8MTE2Nzh8aW1hZ2UvanBlZ3xoOWYvaDJjLzg4ODg2MDc4OTk2NzguanBnfGZkNDFiY2ExZTE2OTk2NDc2ZmY5MDM2NjFmMDMwYTdiZjQzMzIyMjk2YzhhNDYzMDIxZGRhNzM0MDYxMDlhZDU,
Guardian Digital Thermometer Probe Cover,$4.00,Spend $60 get glow box @25,/guardian-digital-thermometer-probe-cover/p/169277,/medias/169277-1-listing?context=bWFzdGVyfHJvb3R8Nzg1NnxpbWFnZS9qcGVnfGhhMS9oNjAvODg5MDUxNjQzOTA3MC5qcGd8YjIyODgxMTYwODI4MWFmYmU2MTNjOGFlZjE1ZGU4NjFjYzMwNWRjZjI2ZGQyNDQ1OGI4MDVmNmE2ODM5NTQwMg,
Joint Cream| 50g,$28.00,Spend $60 get glow box @25,/joint-cream-50g/p/157837,/medias/157837-1-listing?context=bWFzdGVyfHJvb3R8NzAzN3xpbWFnZS9qcGVnfGg0Yi9oN2IvODg4NjE2NDgxNTkwMi5qcGd8YTE3N2FlNGVjNGNlOTc2YTJlYzkxZGEwNjgwMTQ1OTY0NjE0NjI2M2E1OGY0MjNmZjI4YjdlZjQyOTBhNmZjMg,Only 4 left in stock
Yoko Yoko| 48ml,$4.35,Spend $60 get glow box @25,/yoko-yoko-48ml/p/000813,/medias/000813-1-listing?context=bWFzdGVyfHJvb3R8Mzc4NnxpbWFnZS9qcGVnfGg0ZS9oZmEvODkzNTkxMjUzODE0Mi5qcGd8MzNkNWFlMmY2YzBhZDgwMTljMTYzN2IzNzJkOTlkNTY5OWQ3NzgzNDc0ZTQyZDM2MmMwNjVkMWFjNzkyZDAyZg,
Flexiseq 50g,$36.00,Spend $60 get glow box @25,/flexiseq-50g/p/170813,/medias/170813-1-listing?context=bWFzdGVyfHJvb3R8NTEzMnxpbWFnZS9qcGVnfGg1MC9oYzkvODg4ODYwNTI3ODIzOC5qcGd8MjA4ODU3YjE1MDY4NDNmYWUzZTc1YTYwODI3OTUyY2IzZTcxYzVhYzlhY2YyMmQyZTA3MGQ2MWYzYWNhOTZlNg,
